[{"lat":39.712,"lon":116.783,"city":"Yongledianzhen, Tongzhou, Beijing (北京京东南永乐店)","idx":454,"stamp":1486688400,"pol":"pm25","x":"473","aqi":"38","tz":"+0800","utime":"2017-02-10 09:00:00","img":"_e9oz_cmuNVZA_GTHnKe9059t2PFk54Snu6YDAA"},{"lat":39.937,"lon":116.106,"city":"Mentougou, Longquan Town, Beijing (北京门头沟龙泉镇)","idx":445,"stamp":1486688400,"pol":"pm25","x":"464","aqi":"35","tz":"+0800","utime":"2017-02-10 09:00:00","img":"_ARkA5v_ljJfkuqw66Zeo5aS05rKf6b6Z5rOJ6ZWH"},{"lat":40.127,"lon":116.655,"city":"Shunyi New Town , Beijing (北京顺义新城)","idx":443,"stamp":1486688400,"pol":"pm25","x":"462","aqi":"32","tz":"+0800","utime":"2017-02-10 09:00:00","img":"_ARMA7P_ljJfkuqw66aG65LmJ5paw5Z-O"},{"lat":39.876,"lon":116.394,"city":"Yongdingmen Inner St, Beijing (北京永定门内大街)","idx":458,"stamp":1486688400,"pol":"pm25","x":"477","aqi":"30","tz":"+0800","utime":"2017-02-10 09:00:00","img":"_ARkA5v_ljJfkuqw65rC45a6a6Zeo5YaF5aSn6KGX"},{"lat":39.795,"lon":116.506,"city":"BDA, Beijing (北京亦庄开发区)","idx":441,"stamp":1486688400,"pol":"pm25","x":"460","aqi":"26","tz":"+0800","utime":"2017-02-10 09:00:00","img":"_ARYA6f_ljJfkuqw65Lqm5bqE5byA5Y-R5Yy6"},{"lat":39.914,"lon":116.184,"city":"Shijingshan city, Beijing (北京石景山古城)","idx":438,"stamp":1486688400,"pol":"pm25","x":"457","aqi":"23","tz":"+0800","utime":"2017-02-10 09:00:00","img":"_ARYA6f_ljJfkuqw655-z5pmv5bGx5Y-k5Z-O"},{"lat":40.002,"lon":116.207,"city":"Haidian Beijing Botanical Garden, Beijing (北京海淀北京植物园)","idx":435,"stamp":1486688400,"pol":"pm25","x":"454","aqi":"42","tz":"+0800","utime":"2017-02-10 09:00:00","img":"_e9oz_cmuNVbPtm5_tr3hKZjzbEnv886VT2evBQA"},{"lat":39.939,"lon":116.483,"city":"East Fourth Ring Road, Beijing (北京东四环北路)","idx":461,"stamp":1486688400,"pol":"pm25","x":"480","aqi":"35","tz":"+0800","utime":"2017-02-10 09:00:00","img":"_ARYA6f_ljJfkuqw65Lic5Zub546v5YyX6Lev"},{"lat":39.886,"lon":116.407,"city":"Temple of Heaven, Dongcheng, Beijing (北京东城天坛)","idx":429,"stamp":1486688400,"pol":"pm25","x":"447","aqi":"30","tz":"+0800","utime":"2017-02-10 09:00:00","img":"_ARMA7P_ljJfkuqw65Lic5Z-O5aSp5Z2b"},{"lat":39.878,"lon":116.352,"city":"Wanshou Temple, Beijing (北京西城万寿西宫)","idx":431,"stamp":1486688400,"pol":"pm25","x":"449","aqi":"34","tz":"+0800","utime":"2017-02-10 09:00:00","img":"_e9oz_cmuNVYvlu5_Or_vyY72p-v3g9jrVgMA"},{"lat":39.954592,"lon":116.468117,"city":"Beijing US Embassy, Beijing (北京北京美国大使馆)","idx":3233,"stamp":1486688400,"pol":"pm25","x":"3303","aqi":"30","tz":"+0800","utime":"2017-02-10 09:00:00","img":"Beijing"},{"lat":39.954,"lon":116.349,"city":"Xizhimen N St, Beijing (北京西直门北大街)","idx":459,"stamp":1486688400,"pol":"pm25","x":"478","aqi":"26","tz":"+0800","utime":"2017-02-10 09:00:00","img":"_ARkA5v_ljJfkuqw66KW_55u06Zeo5YyX5aSn6KGX"},{"lat":39.856,"lon":116.368,"city":"South Ring Road, Beijing (北京南三环西路)","idx":460,"stamp":1486688400,"pol":"pm25","x":"479","aqi":"24","tz":"+0800","utime":"2017-02-10 09:00:00","img":"_ARYA6f_ljJfkuqw65Y2X5LiJ546v6KW_6Lev"},{"lat":39.929,"lon":116.339,"city":"West Park officials, Beijing (北京西城官园)","idx":430,"stamp":1486688400,"pol":"pm25","x":"448","aqi":"33","tz":"+0800","utime":"2017-02-10 09:00:00","img":"_ARMA7P_ljJfkuqw66KW_5Z-O5a6Y5Zut"},{"lat":39.742,"lon":116.136,"city":"Fangshan, Liangxiang, Beijing (北京房山良乡)","idx":439,"stamp":1486688400,"pol":"pm25","x":"458","aqi":"26","tz":"+0800","utime":"2017-02-10 09:00:00","img":"_ARMA7P_ljJfkuqw65oi_5bGx6Imv5Lmh"},{"lat":39.899,"lon":116.395,"city":"Qianmen E St, Dongcheng, Beijing (北京前门东大街)","idx":457,"stamp":1486688400,"pol":"pm25","x":"476","aqi":"50","tz":"+0800","utime":"2017-02-10 09:00:00","img":"_ARYA6f_ljJfkuqw65YmN6Zeo5Lic5aSn6KGX"},{"lat":39.575,"lon":116.773,"city":"BDA, Langfang (廊坊市开发区)","idx":397,"stamp":1486688400,"pol":"pm25","x":"689","aqi":"42","tz":"+0800","utime":"2017-02-10 09:00:00","img":"_c_az8khNSs3Uf7q76-ncrqc7mvSf7ml42j_xac8uAA"},{"lat":40.292,"lon":116.22,"city":"Changping Dingling, Beijing (北京昌平定陵)","idx":450,"stamp":1486688400,"pol":"pm25","x":"469","aqi":"34","tz":"+0800","utime":"2017-02-10 09:00:00","img":"_ARMA7P_ljJfkuqw65piM5bmz5a6a6Zm1"},{"lat":39.89,"lon":116.998,"city":"Dà chǎng wèishēng jú, Langfang (廊坊市大厂卫生局)","idx":458,"stamp":1486688400,"pol":"pm25","x":"4677","aqi":"32","tz":"+0800","utime":"2017-02-10 09:00:00","img":"_ASUA2v9DTjpIZWJlaS_lu4rlnYrluIIv5aSn5Y6C5Y2r55Sf5bGAKCop"},{"lat":39.58,"lon":116,"city":"Liulihezhen, Fangshan, Beijing (北京京西南琉璃河)","idx":456,"stamp":1486688400,"pol":"pm25","x":"475","aqi":"78","tz":"+0800","utime":"2017-02-10 09:00:00","img":"_e9oz_cmuNVZA_GLp_qe9059P6Hw-qfnZps0A"},{"lat":39.982,"lon":116.397,"city":"Chaoyang Olympic Sports Center, Beijing (北京朝阳奥体中心)","idx":432,"stamp":1486688400,"pol":"pm25","x":"450","aqi":"34","tz":"+0800","utime":"2017-02-10 09:00:00","img":"_ARkA5v_ljJfkuqw65pyd6Ziz5aWl5L2T5Lit5b-D"},{"lat":39.863,"lon":116.279,"city":"Fengtai garden, Beijing (北京丰台花园)","idx":436,"stamp":1486688400,"pol":"pm25","x":"455","aqi":"30","tz":"+0800","utime":"2017-02-10 09:00:00","img":"_ARMA7P_ljJfkuqw65Liw5Y-w6Iqx5Zut"},{"lat":39.929,"lon":116.417,"city":"Dongcheng Dongsi, Beijing (北京东城东四)","idx":428,"stamp":1486688400,"pol":"pm25","x":"446","aqi":"42","tz":"+0800","utime":"2017-02-10 09:00:00","img":"_e9oz_cmuNVZPdsx5Or8PRM6eDQA"},{"lat":39.766,"lon":117.009,"city":"Xianghe EPA, Langfang (廊坊市香河环保局)","idx":456,"stamp":1486688400,"pol":"pm25","x":"4675","aqi":"36","tz":"+0800","utime":"2017-02-10 09:00:00","img":"_ASUA2v9DTjpIZWJlaS_lu4rlnYrluIIv6aaZ5rKz546v5L-d5bGAKCop"},{"lat":39.824,"lon":116.146,"city":"Fengtai Yungang, Beijing (北京丰台云岗)","idx":437,"stamp":1486688400,"pol":"pm25","x":"456","aqi":"33","tz":"+0800","utime":"2017-02-10 09:00:00","img":"_ARMA7P_ljJfkuqw65Liw5Y-w5LqR5bKX"},{"lat":39.718,"lon":116.404,"city":"Huangcunzhen, Daxing, Beijing (北京大兴黄村镇)","idx":440,"stamp":1486688400,"pol":"pm25","x":"459","aqi":"21","tz":"+0800","utime":"2017-02-10 09:00:00","img":"_ARYA6f_ljJfkuqw65aSn5YW06buE5p2R6ZWH"},{"lat":39.557,"lon":116.715,"city":"Environmental Monitoring Supervision Center, Langfang (廊坊市环境监测监理中心)","idx":588,"stamp":1482753600,"pol":"pm25","x":"687","aqi":"-","tz":"+0800","utime":"2016-12-26 20:00:00","img":"_c_az8khNSs3Uf7q76-ncrqc7mvSf961_uqj5-eyJz7Z2A8nnE9qe7Fj7dH8zAA"},{"lat":40.217,"lon":116.23,"city":"Changping Town, Beijing (北京昌平镇)","idx":444,"stamp":1486688400,"pol":"pm25","x":"463","aqi":"57","tz":"+0800","utime":"2017-02-10 09:00:00","img":"_e9oz_cmuNVbPZvQ83bn55dR2AA"},{"lat":39.886,"lon":116.663,"city":"Tongzhou New Town, Beijing (北京通州新城)","idx":442,"stamp":1486688400,"pol":"pm25","x":"461","aqi":"34","tz":"+0800","utime":"2017-02-10 09:00:00","img":"_ARMA7P_ljJfkuqw66YCa5bee5paw5Z-O"},{"lat":40.09,"lon":116.174,"city":"The Haidian northern New Area, Beijing (北京海淀北部新区)","idx":434,"stamp":1486688400,"pol":"pm25","x":"453","aqi":"34","tz":"+0800","utime":"2017-02-10 09:00:00","img":"_ARkA5v_ljJfkuqw65rW35reA5YyX6YOo5paw5Yy6"},{"lat":39.937,"lon":116.461,"city":"Chaoyang Agricultural Exhibition Hall, Beijing (北京朝阳农展馆)","idx":393,"stamp":1486688400,"pol":"pm25","x":"451","aqi":"30","tz":"+0800","utime":"2017-02-10 09:00:00","img":"_ARYA6f_ljJfkuqw65pyd6Ziz5Yac5bGV6aaG"},{"lat":39.987,"lon":116.287,"city":"Haidian Wanliu, Beijing (北京海淀万柳)","idx":433,"stamp":1486688400,"pol":"pm25","x":"452","aqi":"25","tz":"+0800","utime":"2017-02-10 09:00:00","img":"_ARMA7P_ljJfkuqw65rW35reA5LiH5p-z"}]
