[{"lat":37.3675,"lon":117.9730556,"city":"Bilin compond, Binzhou (滨州碧林小区)","idx":615,"stamp":1486713600,"pol":"pm25","x":"633","aqi":"52","tz":"+0800","utime":"2017-02-10 16:00:00","img":"_ASAA3_9DTjpTaGFuZ2Rvbmcv5ruo5beeL-eip-ael-Wwj-WMug"},{"lat":37.37944444,"lon":118.0208333,"city":"City EPA, Binzhou (滨州市环保局)","idx":499,"stamp":1486713600,"pol":"pm25","x":"628","aqi":"50","tz":"+0800","utime":"2017-02-10 16:00:00","img":"_ASAA3_9DTjpTaGFuZ2Rvbmcv5ruo5beeL-W4gueOr-S_neWxgA"},{"lat":37.38199,"lon":117.970703,"city":"Binzhou (滨州)","idx":966,"stamp":1486713600,"pol":"pm25","x":"1520","aqi":"50","tz":"+0800","utime":"2017-02-10 16:00:00","img":"_y02s0HD2swrOSMxLT8nPS9d_tnvF0-3z9J_uaHret_7J_rlPNzboYFXQM_3JjrXPpm14tmAhVgXP16x5sqvn2YYtT_uasCtYPvF549anPdOebl-KVcHLyduebdr8vHPls62N2E1YtPzZvOlPN_Q_7dmlqZBYrOCUmVeVkV8KAA"},{"lat":37.35555556,"lon":117.9375,"city":"Yinhe logistics company, Binzhou (滨州银河物流)","idx":691,"stamp":1486713600,"pol":"pm25","x":"632","aqi":"47","tz":"+0800","utime":"2017-02-10 16:00:00","img":"_ASAA3_9DTjpTaGFuZ2Rvbmcv5ruo5beeL-mTtuays-eJqea1gQ"},{"lat":37.39555556,"lon":117.9377778,"city":"Keling Chemical factory, Binzhou (滨州科灵化工)","idx":648,"stamp":1486713600,"pol":"pm25","x":"631","aqi":"42","tz":"+0800","utime":"2017-02-10 16:00:00","img":"_ASAA3_9DTjpTaGFuZ2Rvbmcv5ruo5beeL-enkeeBteWMluW3pQ"},{"lat":37.36083333,"lon":117.9966667,"city":"No.2 water factory, Binzhou (滨州第二水厂)","idx":703,"stamp":1486713600,"pol":"pm25","x":"630","aqi":"36","tz":"+0800","utime":"2017-02-10 16:00:00","img":"_ASAA3_9DTjpTaGFuZ2Rvbmcv5ruo5beeL-esrOS6jOawtOWOgg"},{"lat":37.38305556,"lon":117.9830556,"city":"Beizhong new school, Binzhou (滨州北中新校)","idx":500,"stamp":1486713600,"pol":"pm25","x":"629","aqi":"34","tz":"+0800","utime":"2017-02-10 16:00:00","img":"_ASAA3_9DTjpTaGFuZ2Rvbmcv5ruo5beeL-WMl-S4reaWsOagoQ"}]
