[{"lat":37.47805556,"lon":116.3105556,"city":"Shuangyi group, Dezhou (德州双一集团)","idx":607,"stamp":1486713600,"pol":"pm25","x":"621","aqi":"55","tz":"+0800","utime":"2017-02-10 16:00:00","img":"_c_azCs5IzEtPyc9L13-6b_vT7fP0n_b3PNnR8HJ229PZiwA"},{"lat":37.46194444,"lon":116.3516667,"city":"Huayu technical school, Dezhou (德州华宇技校)","idx":699,"stamp":1486713600,"pol":"pm25","x":"620","aqi":"53","tz":"+0800","utime":"2017-02-10 16:00:00","img":"_c_azCs5IzEtPyc9L13-6b_vT7fP0n_b2PV3X_qyr4dmChQA"},{"lat":37.434093,"lon":116.357465,"city":"Dezhou (德州)","idx":964,"stamp":1486713600,"pol":"pm25","x":"1518","aqi":"53","tz":"+0800","utime":"2017-02-10 16:00:00","img":"_y02s0HD2swrOSMxLT8nPS9d_um_70-3z9F_unvhy5ZqXs9uezl6kg03B05b9z1cvfbJzwtPZa7EqeD574rOt3c9Xz8Ql-3xCGy7Zp719T9e1P-tqeLZgIXYF_T1PdjRAnKepkFis4JJalZFfCgA"},{"lat":37.43222222,"lon":116.3713889,"city":"Monitoring station, Dezhou (德州监测站)","idx":644,"stamp":1486713600,"pol":"pm25","x":"618","aqi":"46","tz":"+0800","utime":"2017-02-10 16:00:00","img":"_c_azCs5IzEtPyc9L13-6b_vT7fP0n8-e-Gxr9_PVMwE"},{"lat":37.44888889,"lon":116.3188889,"city":"Supervision Station, Dezhou (德州监理站)","idx":698,"stamp":1486713600,"pol":"pm25","x":"619","aqi":"38","tz":"+0800","utime":"2017-02-10 16:00:00","img":"_c_azCs5IzEtPyc9L13-6b_vT7fP0n8-e-HxC2_PVMwE"},{"lat":37.63,"lon":116.395,"city":"wúqiáo xiàn sāng yuán zhèn zhèngfǔ, Cangzhou (沧州市吴桥县桑园镇政府)","idx":580,"stamp":1486710000,"pol":"pm25","x":"5675","aqi":"37","tz":"+0800","utime":"2017-02-10 15:00:00","img":"_ATkAxv9DTjpIZWJlaS_msqflt57luIIvW-iwg-ivleS4rV3lkLTmoaXljr_moZHlm63plYfmlL_lupwoKik"},{"lat":37.692,"lon":116.269,"city":"jǐng xiàn xiànwěi, Hengshui (衡水市景县县委)","idx":591,"stamp":1486710000,"pol":"pm25","x":"5686","aqi":"35","tz":"+0800","utime":"2017-02-10 15:00:00","img":"_c_az8khNSs3Uf7Fw4bMNW57uaNKPfrGh-cX6qU92rI19NnP90779ILR8ioaWJgA"},{"lat":37.46638889,"lon":116.3061111,"city":"Children's amuzment park, Dezhou (德州儿童乐园)","idx":647,"stamp":1486713600,"pol":"pm25","x":"617","aqi":"59","tz":"+0800","utime":"2017-02-10 16:00:00","img":"_ASAA3_9DTjpTaGFuZ2Rvbmcv5b635beeL-WEv-erpeS5kOWbrQ"}]
