[{"lat":37.46583333,"lon":118.5022222,"city":"City environmental company, Dongying (东营市环保公司)","idx":630,"stamp":1486713600,"pol":"pm25","x":"551","aqi":"33","tz":"+0800","utime":"2017-02-10 16:00:00","img":"_ASMA3P9DTjpTaGFuZ2Rvbmcv5Lic6JClL-W4gueOr-S_neWFrOWPuA"},{"lat":37.47222222,"lon":118.6408333,"city":"Shènglì hospital, Dongying (东营胜利医院)","idx":680,"stamp":1486713600,"pol":"pm25","x":"552","aqi":"31","tz":"+0800","utime":"2017-02-10 16:00:00","img":"_ASAA3_9DTjpTaGFuZ2Rvbmcv5Lic6JClL-iDnOWIqeWMu-mZog"},{"lat":37.44166667,"lon":118.5044444,"city":"Xianhe Oil Production Plant, Dongying (东营现河采油厂)","idx":500,"stamp":1486713600,"pol":"pm25","x":"549","aqi":"52","tz":"+0800","utime":"2017-02-10 16:00:00","img":"_ASMA3P9DTjpTaGFuZ2Rvbmcv5Lic6JClL-eOsOays-mHh-ayueWOgg"},{"lat":37.44444444,"lon":118.5527778,"city":"Gengjin village, Dongying (东营耿井村)","idx":488,"stamp":1486713600,"pol":"pm25","x":"550","aqi":"49","tz":"+0800","utime":"2017-02-10 16:00:00","img":"_c_azCs5IzEtPyc9L13-yY86LCUv1XzTsf7Jr6rO5EwE"},{"lat":37.43805556,"lon":118.625,"city":"Vocational College, Dongying (东营职业学院)","idx":629,"stamp":1486710000,"pol":"pm25","x":"548","aqi":"45","tz":"+0800","utime":"2017-02-10 15:00:00","img":"_ASAA3_9DTjpTaGFuZ2Rvbmcv5Lic6JClL-iBjOS4muWtpumZog"},{"lat":37.43138889,"lon":118.6672222,"city":"City EPA, Dongying (东营市环保局)","idx":546,"stamp":1486713600,"pol":"pm25","x":"546","aqi":"44","tz":"+0800","utime":"2017-02-10 16:00:00","img":"_ASAA3_9DTjpTaGFuZ2Rvbmcv5Lic6JClL-W4gueOr-S_neWxgA"},{"lat":37.434751,"lon":118.674767,"city":"Dongying (东营)","idx":703,"stamp":1486713600,"pol":"pm25","x":"1515","aqi":"44","tz":"+0800","utime":"2017-02-10 16:00:00","img":"_y02s0HD2swrOSMxLT8nPS9d_smPOiwlL9Z_uaHret_7J_rlPNzboYFWwc__T3unPNmx5umsyVgUvGnue7Jj1dO2ylzMXYVXwvG_Ds02bX7a3P9u082lfE3ZDGvY_2TX12dyJOvgd2brmaf8O7CY0z3nasfJpz25czgC64Wn_4qc9uzQVEosVXIAylZl56QA"},{"lat":37.43444444,"lon":118.6961111,"city":"BDA, Dongying (东营开发区)","idx":631,"stamp":1486713600,"pol":"pm25","x":"554","aqi":"35","tz":"+0800","utime":"2017-02-10 16:00:00","img":"_c_azCs5IzEtPyc9L13-yY86LCUv1n-5peNo_8WnPLgA"}]
