[{"lat":35.24361111,"lon":115.4086111,"city":"Mǔdān high-tech zone, Heze (菏泽牡丹高新区)","idx":645,"stamp":1486713600,"pol":"pm25","x":"637","aqi":"117","tz":"+0800","utime":"2017-02-10 16:00:00","img":"_ASMA3P9DTjpTaGFuZ2Rvbmcv6I-P5rO9L-eJoeS4uemrmOaWsOWMug"},{"lat":35.22305556,"lon":115.5258333,"city":"Sewage treatment plant, Heze (菏泽污水处理厂)","idx":704,"stamp":1486713600,"pol":"pm25","x":"635","aqi":"109","tz":"+0800","utime":"2017-02-10 16:00:00","img":"_ASMA3P9DTjpTaGFuZ2Rvbmcv6I-P5rO9L-axoeawtOWkhOeQhuWOgg"},{"lat":35.24888889,"lon":115.4227778,"city":"Bureau of Meteorology, Heze (菏泽气象局)","idx":649,"stamp":1486713600,"pol":"pm25","x":"634","aqi":"109","tz":"+0800","utime":"2017-02-10 16:00:00","img":"_c_azCs5IzEtPyc9L13_R3_9s8179ZxumvNi48OnGBgA"},{"lat":35.23375,"lon":115.480656,"city":"Heze (菏泽)","idx":954,"stamp":1486713600,"pol":"pm25","x":"1521","aqi":"109","tz":"+0800","utime":"2017-02-10 16:00:00","img":"_y02s0HD2swrOSMxLT8nPS9d_0d__bPNe_WcbprzYuPDpxgYdbLJPdzQ9m7L_aW8_VtnnnQuf7Nj5cvWMZ9M2PO3Zhd2E3r5n25Y97dj2onc9VgUQ6unaZS9nLtJUSCxW8EitSgUA"},{"lat":35.26194444,"lon":115.5191667,"city":"Huarun Pharmaceutical Company, Heze (菏泽华润制药)","idx":651,"stamp":1486713600,"pol":"pm25","x":"638","aqi":"93","tz":"+0800","utime":"2017-02-10 16:00:00","img":"_c_azCs5IzEtPyc9L13_R3_9s8179p719z7Yte9qx7UXvegA"},{"lat":35.2375,"lon":115.4747222,"city":"Municipal CPPCC, Heze (菏泽市政协)","idx":650,"stamp":1486713600,"pol":"pm25","x":"636","aqi":"85","tz":"+0800","utime":"2017-02-10 16:00:00","img":"_c_azCs5IzEtPyc9L13_R3_9s8179pzuank3Z_7S3HwA"},{"lat":35.27,"lon":115.455,"city":"Heze University, Heze (菏泽菏泽学院)","idx":396,"stamp":1486695600,"pol":"pm25","x":"639","aqi":"191","tz":"+0800","utime":"2017-02-10 11:00:00","img":"_c_azCs5IzEtPyc9L13_R3_9s814o9XTtspczFwEA"}]
