[{"lat":36.66222222,"lon":117.0486111,"city":"City Monitoring Station, Jinan (济南市监测站)","idx":670,"stamp":1486558800,"pol":"pm25","x":"497","aqi":"168","tz":"+0800","utime":"2017-02-08 21:00:00","img":"_c_azCs5IzEtPyc9L13-2te9p73T9pzuans-e-Gxr9_PVMwE"},{"lat":36.72256667,"lon":117.1247222,"city":"Baosheng cable company, Jinan (济南宝胜电缆)","idx":674,"stamp":1486558800,"pol":"pm25","x":"508","aqi":"168","tz":"+0800","utime":"2017-02-08 21:00:00","img":"_c_azCs5IzEtPyc9L13-2te9p73T9p-vmvmie83zK1ud72gA"},{"lat":36.63777778,"lon":117.0688889,"city":"Shandong Institute of Economics, Jinan (济南山东经济学院)","idx":596,"stamp":1486558800,"pol":"pm25","x":"498","aqi":"164","tz":"+0800","utime":"2017-02-08 21:00:00","img":"_c_azCs5IzEtPyc9L13-2te9p73T9pxs3Ptkx5_nufhB_7bKXMxcBAA"},{"lat":36.68527778,"lon":117.0602778,"city":"Provincial Seed Warehouse, Jinan (济南省种子仓库)","idx":600,"stamp":1486558800,"pol":"pm25","x":"506","aqi":"104","tz":"+0800","utime":"2017-02-08 21:00:00","img":"_ASMA3P9DTjpTaGFuZ2Rvbmcv5rWO5Y2XL-ecgeenjeWtkOS7k-W6kw"},{"lat":36.663,"lon":116.945,"city":"Agriculture Science Institute, Jinan (济南农科所)","idx":599,"stamp":1486558800,"pol":"pm25","x":"502","aqi":"74","tz":"+0800","utime":"2017-02-08 21:00:00","img":"_c_azCs5IzEtPyc9L13-2te9p73T9p21zni-f-KyzAQA"},{"lat":36.66138889,"lon":117.0211111,"city":"Quancheng Plaza, Jinan (济南泉城广场)","idx":597,"stamp":1486558800,"pol":"pm25","x":"499","aqi":"162","tz":"+0800","utime":"2017-02-08 21:00:00","img":"_c_azCs5IzEtPyc9L13-2te9p73T9Z5s7n87ve7pz_9M5uwA"},{"lat":36.61138889,"lon":116.9880556,"city":"Kegansuo, Jinan (济南科干所)","idx":598,"stamp":1486558800,"pol":"pm25","x":"500","aqi":"109","tz":"+0800","utime":"2017-02-08 21:00:00","img":"_c_azCs5IzEtPyc9L13-2te9p73T958snPt256VlnAwA"},{"lat":36.70027778,"lon":116.9477778,"city":"Lanxiang technical school, Jinan (济南兰翔技校)","idx":598,"stamp":1486558800,"pol":"pm25","x":"504","aqi":"107","tz":"+0800","utime":"2017-02-08 21:00:00","img":"_c_azCs5IzEtPyc9L13-2te9p73T9p60bnu-f8qyr4dmChQA"},{"lat":36.68722222,"lon":116.9886111,"city":"Chemical factory, Jinan (济南化工厂)","idx":673,"stamp":1486558800,"pol":"pm25","x":"505","aqi":"89","tz":"+0800","utime":"2017-02-08 21:00:00","img":"_c_azCs5IzEtPyc9L13-2te9p73T9pz3Tnm5f-rSvCQA"},{"lat":36.4785,"lon":117.2130556,"city":"Paomaling, Jinan (济南跑马岭)","idx":599,"stamp":1486558800,"pol":"pm25","x":"509","aqi":"172","tz":"+0800","utime":"2017-02-08 21:00:00","img":"_c_azCs5IzEtPyc9L13-2te9p73T9F9snvly55ummtQA"},{"lat":36.68538889,"lon":117.1247222,"city":"BDA, Jinan (济南开发区)","idx":675,"stamp":1486558800,"pol":"pm25","x":"511","aqi":"159","tz":"+0800","utime":"2017-02-08 21:00:00","img":"_c_azCs5IzEtPyc9L13-2te9p73T9p3sanvZPfNqzCwA"},{"lat":36.59277778,"lon":117.0241667,"city":"Shāndōng lǔnéng, Jinan (济南山东鲁能)","idx":671,"stamp":1486558800,"pol":"pm25","x":"501","aqi":"153","tz":"+0800","utime":"2017-02-08 21:00:00","img":"_c_azCs5IzEtPyc9L13-2te9p73T9pxs3Ptkx5-WmxhfNewE"},{"lat":36.650997,"lon":117.120497,"city":"Jinan (济南)","idx":1004,"stamp":1486558800,"pol":"pm25","x":"1505","aqi":"168","tz":"+0800","utime":"2017-02-08 21:00:00","img":"_y02s0HD2swrOSMxLT8nPS9d_trXvae90_ac7mp7Pnvhsa_fz1TN1sCrYuPHJjjnPd_eD-GuXvZy5CKuyZ5s7n87ve7pz_9M5u7AqeL584tOdm551NuCx5eWmxhfNe7EraJsDNAGX9mdzdj3d1fVkV8_Tvibs2ls3PN8_5VlXw7MFCzUVEosVvDLzEvMA"},{"lat":36.68138889,"lon":117.1858333,"city":"Shandong Architecture University, Jinan (济南山东建筑大学)","idx":420,"stamp":1486558800,"pol":"pm25","x":"507","aqi":"144","tz":"+0800","utime":"2017-02-08 21:00:00","img":"_ASYA2f9DTjpTaGFuZ2Rvbmcv5rWO5Y2XL-WxseS4nOW7uuetkeWkp-Wtpg"},{"lat":36.54861111,"lon":116.7651667,"city":"Changqing District Communist Party School, Jinan (济南长清区委党校)","idx":601,"stamp":1486558800,"pol":"pm25","x":"510","aqi":"97","tz":"+0800","utime":"2017-02-08 21:00:00","img":"_ASYA2f9DTjpTaGFuZ2Rvbmcv5rWO5Y2XL-mVv-a4heWMuuWnlOWFmuagoQ"},{"lat":36.64088889,"lon":116.9427778,"city":"Jīchuáng èr chǎng, Jinan (济南机床二厂)","idx":672,"stamp":1486558800,"pol":"pm25","x":"503","aqi":"78","tz":"+0800","utime":"2017-02-08 21:00:00","img":"_c_azCs5IzEtPyc9L13-2te9p73T9Z3N2Pd3V9WRXz9O-JgA"}]
