[{"lat":35.39088889,"lon":116.6576111,"city":"Rencheng BDA, Jining (济宁任城开发区)","idx":553,"stamp":1486713600,"pol":"pm25","x":"579","aqi":"50","tz":"+0800","utime":"2017-02-10 16:00:00","img":"_ASMA3P9DTjpTaGFuZ2Rvbmcv5rWO5a6BL-S7u-WfjuW8gOWPkeWMug"},{"lat":35.42505556,"lon":116.6936111,"city":"Shengdi Hollidays Resort, Jining (济宁圣地度假村)","idx":415,"stamp":1486663200,"pol":"pm25","x":"576","aqi":"-","tz":"+0800","utime":"2017-02-10 02:00:00","img":"_ASMA3P9DTjpTaGFuZ2Rvbmcv5rWO5a6BL-Wco-WcsOW6puWBh-adkQ"},{"lat":35.43677778,"lon":116.6376111,"city":"BDA Huojucheng, Jining (济宁开发区火炬城)","idx":678,"stamp":1486713600,"pol":"pm25","x":"581","aqi":"93","tz":"+0800","utime":"2017-02-10 16:00:00","img":"_ASYA2f9DTjpTaGFuZ2Rvbmcv5rWO5a6BL-W8gOWPkeWMuueBq-eCrOWfjg"},{"lat":35.39088889,"lon":116.5476111,"city":"Electrochemical Factory, Jining (济宁电化厂)","idx":637,"stamp":1486713600,"pol":"pm25","x":"578","aqi":"78","tz":"+0800","utime":"2017-02-10 16:00:00","img":"_c_azCs5IzEtPyc9L13-2te_pukb951O2Pu2Z9rSvCQA"},{"lat":35.44277778,"lon":116.5963889,"city":"Agricultural School, Jining (济宁农业学校)","idx":638,"stamp":1486713600,"pol":"pm25","x":"580","aqi":"76","tz":"+0800","utime":"2017-02-10 16:00:00","img":"_ASAA3_9DTjpTaGFuZ2Rvbmcv5rWO5a6BL-WGnOS4muWtpuagoQ"},{"lat":35.36477778,"lon":116.6038889,"city":"Sewage treatment plant, Jining (济宁污水处理厂)","idx":515,"stamp":1486713600,"pol":"pm25","x":"577","aqi":"74","tz":"+0800","utime":"2017-02-10 16:00:00","img":"_ASMA3P9DTjpTaGFuZ2Rvbmcv5rWO5a6BL-axoeawtOWkhOeQhuWOgg"},{"lat":35.40888889,"lon":116.6186111,"city":"City Monitoring Station, Jining (济宁市监测站)","idx":483,"stamp":1486713600,"pol":"pm25","x":"575","aqi":"59","tz":"+0800","utime":"2017-02-10 16:00:00","img":"_c_azCs5IzEtPyc9L13-2te_pukb9pzuans-e-Gxr9_PVMwE"},{"lat":35.414921,"lon":116.587099,"city":"Jining (济宁)","idx":704,"stamp":1486713600,"pol":"pm25","x":"1511","aqi":"59","tz":"+0800","utime":"2017-02-10 16:00:00","img":"_y02s0HD2swrOSMxLT8nPS9d_trXv6bpG_ac7mp7Pnvhsa_fz1TN1sCqYs_jpnA1Pdy172tj-bO5ErGqeT9n6tGfa074mrLJPdu9-Or_v6Z6Gp_0Tn_bswm5L25wnO2Y9Xbvs2YKF2BXAtD9vXP28aQ3QQE2FxGIFr8y8zLx0AA"}]
