[{"lat":36.26611111,"lon":117.6469444,"city":"Nursing home, Laiwu (莱芜老年公寓)","idx":520,"stamp":1486713600,"pol":"pm25","x":"604","aqi":"52","tz":"+0800","utime":"2017-02-10 16:00:00","img":"_c_azCs5IzEtPyc9L13_Rt_FF1xz9Fw2NT3duedq65un6yQA"},{"lat":36.205,"lon":117.695,"city":"Vegetable oil factory, Laiwu (莱芜植物油厂)","idx":686,"stamp":1486713600,"pol":"pm25","x":"602","aqi":"46","tz":"+0800","utime":"2017-02-10 16:00:00","img":"_c_azCs5IzEtPyc9L13_Rt_FF1xz9Z0t6n3eufLZp59O-JgA"},{"lat":36.213691,"lon":117.676731,"city":"Laiwu (莱芜)","idx":1012,"stamp":1486713600,"pol":"pm25","x":"1516","aqi":"46","tz":"+0800","utime":"2017-02-10 16:00:00","img":"_y02s0HD2swrOSMxLT8nPS9d_0bfxRdcc_WdLep93rny2aefTviYdbApeNPY82THrWVfDsznrn65d9nLmIuzKGhqf7tzytHXN0_WTsSp4Nm3Dkx0NT3asBRqCXcH0pc9mzn86e-_Lma1ANc8WLMSq7OWkRU_n9z3t2fW8b_2T_XOfbmzQVEgsVvBJzCwvBQA"},{"lat":36.245,"lon":117.7330556,"city":"Xinyi middle school, Laiwu (莱芜新一中学)","idx":640,"stamp":1486713600,"pol":"pm25","x":"605","aqi":"42","tz":"+0800","utime":"2017-02-10 16:00:00","img":"_ASAA3_9DTjpTaGFuZ2Rvbmcv6I6x6IqcL-aWsOS4gOS4reWtpg"},{"lat":36.06694444,"lon":117.8661111,"city":"Gangcheng EPA, Laiwu (莱芜钢城区环保局)","idx":644,"stamp":1486713600,"pol":"pm25","x":"607","aqi":"36","tz":"+0800","utime":"2017-02-10 16:00:00","img":"_ASYA2f9DTjpTaGFuZ2Rvbmcv6I6x6IqcL-mSouWfjuWMuueOr-S_neWxgA"},{"lat":36.22888889,"lon":117.6888889,"city":"City EPA, Laiwu (莱芜市环保局)","idx":488,"stamp":1486713600,"pol":"pm25","x":"640","aqi":"35","tz":"+0800","utime":"2017-02-10 16:00:00","img":"_c_azCs5IzEtPyc9L13_Rt_FF1xz9pzuanvetf7J_7tONDQA"},{"lat":36.20805556,"lon":117.725,"city":"Risheng International School, Laiwu (莱芜日晟国际学校)","idx":675,"stamp":1486710000,"pol":"pm25","x":"606","aqi":"61","tz":"+0800","utime":"2017-02-10 15:00:00","img":"_ASYA2f9DTjpTaGFuZ2Rvbmcv6I6x6IqcL-aXpeaZn-WbvemZheWtpuagoQ"}]
