[{"lat":36.47111111,"lon":115.9547222,"city":"Hongshun Garden, Liaocheng (聊城洪顺花园)","idx":689,"stamp":1486713600,"pol":"pm25","x":"626","aqi":"72","tz":"+0800","utime":"2017-02-10 16:00:00","img":"_c_azCs5IzEtPyc9L13_R2PV0fp_-sy2rXi7c9aJr49PZawE"},{"lat":36.47944444,"lon":115.9836111,"city":"City committee communist party school, Liaocheng (聊城市委党校)","idx":498,"stamp":1486713600,"pol":"pm25","x":"624","aqi":"68","tz":"+0800","utime":"2017-02-10 16:00:00","img":"_c_azCs5IzEtPyc9L13_R2PV0fp_-0x1NT5dPedo669mChQA"},{"lat":36.44444444,"lon":115.9661111,"city":"Dongchang District Government, Liaocheng (聊城东昌区政府)","idx":497,"stamp":1486713600,"pol":"pm25","x":"622","aqi":"59","tz":"+0800","utime":"2017-02-10 16:00:00","img":"_ASMA3P9DTjpTaGFuZ2Rvbmcv6IGK5Z-OL-S4nOaYjOWMuuaUv-W6nA"},{"lat":36.456704,"lon":115.985371,"city":"Liaocheng (聊城)","idx":965,"stamp":1486713600,"pol":"pm25","x":"1519","aqi":"59","tz":"+0800","utime":"2017-02-10 16:00:00","img":"_y02s0HD2swrOSMxLT8nPS9d_0dj1dH6f_pMdc57N6Hnas-vZlP1Pd83RwapmV8-Lvbufzdn1bNGGp31NWNU83dH0dPmUp62zni1YiFXBs63bn7Zuxi61ZdXLhbtedG18OnutpkJisYJPZmJ-ckZqXjoA"},{"lat":36.43194444,"lon":115.9513889,"city":"Customs, Liaocheng (聊城海关)","idx":555,"stamp":1486713600,"pol":"pm25","x":"625","aqi":"52","tz":"+0800","utime":"2017-02-10 16:00:00","img":"_c_azCs5IzEtPyc9L13_R2PV0fp_-s63bn7ZuBgA"},{"lat":36.45666667,"lon":115.9966667,"city":"Light Machinery Factory No. 2, Liaocheng (聊城二轻机械厂)","idx":416,"stamp":1486713600,"pol":"pm25","x":"623","aqi":"50","tz":"+0800","utime":"2017-02-10 16:00:00","img":"_ASMA3P9DTjpTaGFuZ2Rvbmcv6IGK5Z-OL-S6jOi9u-acuuaisOWOgg"},{"lat":36.45916667,"lon":116.0377778,"city":"BDA, Liaocheng (聊城开发区)","idx":690,"stamp":1486713600,"pol":"pm25","x":"627","aqi":"46","tz":"+0800","utime":"2017-02-10 16:00:00","img":"_c_azCs5IzEtPyc9L13_R2PV0fp_-0z0NT_snPu3ZBQA"}]
