[{"lat":36.308156,"lon":120.39492,"city":"Chengyang District No. 1, Qingdao (青岛城阳区1号)","idx":545,"stamp":1454810400,"pol":"pm25","x":"523","aqi":"-","tz":"+0800","utime":"2016-02-07 10:00:00","img":"_ASEA3v9DTjpTaGFuZ2Rvbmcv6Z2S5bKbL-WfjumYs-WMujHlj7c"},{"lat":36.18457,"lon":120.380186,"city":"Licang District No. 1, Qingdao (青岛李沧区1号)","idx":544,"stamp":1454814000,"pol":"pm25","x":"521","aqi":"-","tz":"+0800","utime":"2016-02-07 11:00:00","img":"_ASEA3v9DTjpTaGFuZ2Rvbmcv6Z2S5bKbL-adjuayp-WMujHlj7c"},{"lat":36.085636,"lon":120.446784,"city":"Laoshan District No. 1, Qingdao (青岛崂山区1号)","idx":543,"stamp":1454810400,"pol":"pm25","x":"518","aqi":"-","tz":"+0800","utime":"2016-02-07 10:00:00","img":"_ASEA3v9DTjpTaGFuZ2Rvbmcv6Z2S5bKbL-W0guWxseWMujHlj7c"},{"lat":35.958797,"lon":120.185909,"city":"Huangdao District No. 1, Qingdao (青岛黄岛区1号)","idx":542,"stamp":1454814000,"pol":"pm25","x":"516","aqi":"-","tz":"+0800","utime":"2016-02-07 11:00:00","img":"_c_azCs5IzEtPyc9L1385d9LTTbP1X-5uAVJPe3YZPu3fDgA"},{"lat":36.069711,"lon":120.336184,"city":"Shibei district No. 1, Qingdao (青岛市北区1号)","idx":540,"stamp":1454814000,"pol":"pm25","x":"514","aqi":"-","tz":"+0800","utime":"2016-02-07 11:00:00","img":"_c_azCs5IzEtPyc9L1385d9LTTbP1n-5oetoz_WnPLsOn_dsB"},{"lat":36.103886,"lon":120.36125,"city":"Shibei district No. 2, Qingdao (青岛市北区2号)","idx":541,"stamp":1454814000,"pol":"pm25","x":"515","aqi":"-","tz":"+0800","utime":"2016-02-07 11:00:00","img":"_c_azCs5IzEtPyc9L1385d9LTTbP1n-5oetoz_WnPLqOn_dsB"},{"lat":36.054169,"lon":120.294134,"city":"Tuán dǎo, Qingdao (青岛团岛)","idx":539,"stamp":1454814000,"pol":"pm25","x":"513","aqi":"-","tz":"+0800","utime":"2016-02-07 11:00:00","img":"_c_azCs5IzEtPyc9L1385d9LTTbP1n85eBKQA"},{"lat":36.06525,"lon":120.403259,"city":"Shinan district No. 1, Qingdao (青岛市南区1号)","idx":538,"stamp":1454814000,"pol":"pm25","x":"512","aqi":"-","tz":"+0800","utime":"2016-02-07 11:00:00","img":"_c_azCs5IzEtPyc9L1385d9LTTbP1n-5oeto7_WnPLsOn_dsB"},{"lat":36.154078,"lon":120.427178,"city":"Licang District No. 2, Qingdao (青岛李沧区2号)","idx":623,"stamp":1486713600,"pol":"pm25","x":"522","aqi":"61","tz":"+0800","utime":"2017-02-10 16:00:00","img":"_ASEA3v9DTjpTaGFuZ2Rvbmcv6Z2S5bKbL-adjuayp-WMujLlj7c"},{"lat":36.067082,"lon":120.38264,"city":"Qingdao (青岛)","idx":953,"stamp":1486713600,"pol":"pm25","x":"1506","aqi":"59","tz":"+0800","utime":"2017-02-10 16:00:00","img":"_y02s0HD2swrOSMxLT8nPS9d_OXfS002z9Z_uaHraO_1pzy7Dp_3bdbCqmL0ISOng0txDQPPsZ9N2glSYP9mx9unaZVhVvdzdAqTwmQNXYYTTpi1NTzduhJqhqZBYrBCYCVSRmA8A"},{"lat":35.970289,"lon":120.155109,"city":"Huangdao District No. 2, Qingdao (青岛黄岛区2号)","idx":620,"stamp":1486713600,"pol":"pm25","x":"517","aqi":"59","tz":"+0800","utime":"2017-02-10 16:00:00","img":"_c_azCs5IzEtPyc9L1385d9LTTbP1X-5uAVJPe3YZPe3fDgA"},{"lat":36.090925,"lon":120.48547,"city":"Laoshan District No. 2, Qingdao (青岛崂山区2号)","idx":523,"stamp":1486713600,"pol":"pm25","x":"520","aqi":"53","tz":"+0800","utime":"2017-02-10 16:00:00","img":"_ASEA3v9DTjpTaGFuZ2Rvbmcv6Z2S5bKbL-W0guWxseWMujLlj7c"},{"lat":36.308156,"lon":120.460772,"city":"Chengyang District No. 2, Qingdao (青岛城阳区2号)","idx":669,"stamp":1486713600,"pol":"pm25","x":"524","aqi":"46","tz":"+0800","utime":"2017-02-10 16:00:00","img":"_ASEA3v9DTjpTaGFuZ2Rvbmcv6Z2S5bKbL-WfjumYs-WMujLlj7c"}]
