[{"lat":35.4625,"lon":119.5688889,"city":"Professor Garden, Rizhao (日照教授花园)","idx":685,"stamp":1486713600,"pol":"pm25","x":"598","aqi":"48","tz":"+0800","utime":"2017-02-10 16:00:00","img":"_c_azCs5IzEtPyc9L1382fenz1uX6z6bOfNbX8aJr49PZawE"},{"lat":35.38888889,"lon":119.4908333,"city":"City Monitoring Station, Rizhao (日照市监测站)","idx":684,"stamp":1486713600,"pol":"pm25","x":"597","aqi":"46","tz":"+0800","utime":"2017-02-10 16:00:00","img":"_ASAA3_9DTjpTaGFuZ2Rvbmcv5pel54WnL-W4guebkea1i-ermQ"},{"lat":35.44222222,"lon":119.5327778,"city":"Vocational and Technical College, Rizhao (日照职业技术学院)","idx":694,"stamp":1486713600,"pol":"pm25","x":"599","aqi":"42","tz":"+0800","utime":"2017-02-10 16:00:00","img":"_ASYA2f9DTjpTaGFuZ2Rvbmcv5pel54WnL-iBjOS4muaKgOacr-WtpumZog"},{"lat":35.37361111,"lon":119.5086111,"city":"Jinma Industrial Park, Rizhao (日照金马工业园)","idx":511,"stamp":1486713600,"pol":"pm25","x":"601","aqi":"68","tz":"+0800","utime":"2017-02-10 16:00:00","img":"_ASMA3P9DTjpTaGFuZ2Rvbmcv5pel54WnL-mHkemprOW3peS4muWbrQ"},{"lat":35.29361111,"lon":119.34,"city":"Lanshan EPA branch, Rizhao (日照岚山环保分局)","idx":695,"stamp":1486713600,"pol":"pm25","x":"600","aqi":"63","tz":"+0800","utime":"2017-02-10 16:00:00","img":"_ASYA2f9DTjpTaGFuZ2Rvbmcv5pel54WnL-WymuWxseeOr-S_neWIhuWxgA"},{"lat":35.416377,"lon":119.526888,"city":"Rizhao (日照)","idx":949,"stamp":1486713600,"pol":"pm25","x":"1514","aqi":"57","tz":"+0800","utime":"2017-02-10 16:00:00","img":"_y02s0HD2swrOSMxLT8nPS9d_Nn3p89bl-k93ND2bsv_prjlPd-5_OmeXDjY1z3asf9q18OnGBuyyU2c-6-t40bXx6ey1WBW8aOx5smPWs66GZ3PWP1277OXMRViVPd006-nGjc_71j_ZP_dpRxsu6162T3y5cs3T7UuBZgJt1FRILFYIyqzKSMwHAA"},{"lat":35.40777778,"lon":119.5205556,"city":"City governement square, Rizhao (日照市政府广场)","idx":641,"stamp":1486713600,"pol":"pm25","x":"595","aqi":"57","tz":"+0800","utime":"2017-02-10 16:00:00","img":"_ASMA3P9DTjpTaGFuZ2Rvbmcv5pel54WnL-W4guaUv-W6nOW5v-Wcug"},{"lat":35.38166667,"lon":119.5486111,"city":"Port Authority, Rizhao (日照港务局)","idx":638,"stamp":1486713600,"pol":"pm25","x":"596","aqi":"50","tz":"+0800","utime":"2017-02-10 16:00:00","img":"_c_azCs5IzEtPyc9L1382fenz1uX6z3asf9q18OnGBgA"}]
