[{"lat":36.17583333,"lon":117.1180556,"city":"Shandong Electric Power School, Taian (泰安山东电力学校)","idx":492,"stamp":1486713600,"pol":"pm25","x":"583","aqi":"70","tz":"+0800","utime":"2017-02-10 16:00:00","img":"_ASYA2f9DTjpTaGFuZ2Rvbmcv5rOw5a6JL-WxseS4nOeUteWKm-WtpuagoQ"},{"lat":36.20472222,"lon":117.1841667,"city":"Houfeng company, Taian (泰安厚丰公司)","idx":680,"stamp":1486713600,"pol":"pm25","x":"585","aqi":"70","tz":"+0800","utime":"2017-02-10 16:00:00","img":"_c_azCs5IzEtPyc9L13-2ecPTdZ36T_tmPdmx4Wnrmqf9OwA"},{"lat":36.20194444,"lon":117.0411111,"city":"Transportation technical school, Taian (泰安交通技校)","idx":635,"stamp":1486713600,"pol":"pm25","x":"587","aqi":"68","tz":"+0800","utime":"2017-02-10 16:00:00","img":"_c_azCs5IzEtPyc9L13-2ecPTdZ36T3Ytedkw61lXw7MFCwE"},{"lat":36.11638889,"lon":117.1013889,"city":"ICT Technology, Taian (泰安信通科技)","idx":691,"stamp":1486713600,"pol":"pm25","x":"588","aqi":"63","tz":"+0800","utime":"2017-02-10 16:00:00","img":"_c_azCs5IzEtPyc9L13-2ecPTdZ36T_YvfNkw6_nyic-6GgA"},{"lat":36.19416667,"lon":117.1536111,"city":"Taishan monitoring station, Taian (泰安泰山监测站)","idx":491,"stamp":1486713600,"pol":"pm25","x":"582","aqi":"59","tz":"+0800","utime":"2017-02-10 16:00:00","img":"_c_azCs5IzEtPyc9L13-2ecPTdZ1gauPG57MnPtva_Xz1TAA"},{"lat":36.200252,"lon":117.087614,"city":"Taian (泰安)","idx":963,"stamp":1486713600,"pol":"pm25","x":"1512","aqi":"59","tz":"+0800","utime":"2017-02-10 16:00:00","img":"_y02s0HD2swrOSMxLT8nPS9d_tnnD03WdYGrjxuezJz7b2v189UwdbGqACp7smPN8ytanXbOfrl32bMFCrMqe7Nr1tH8xHgVP-2Y92bHhaeuap_07sCtom_N0yfJn0zbgtmLJy4ZZz7oacCrYvxCo4PnyiUA1mgqJxQohiZmJeQA"},{"lat":36.17,"lon":117.1591667,"city":"Nongda new campus, Taian (泰安农大新校)","idx":634,"stamp":1486713600,"pol":"pm25","x":"586","aqi":"57","tz":"+0800","utime":"2017-02-10 16:00:00","img":"_ASAA3_9DTjpTaGFuZ2Rvbmcv5rOw5a6JL-WGnOWkp-aWsOagoQ"},{"lat":36.19416667,"lon":117.0980556,"city":"Population Education school, Taian (泰安人口学校)","idx":493,"stamp":1486713600,"pol":"pm25","x":"584","aqi":"50","tz":"+0800","utime":"2017-02-10 16:00:00","img":"_ASAA3_9DTjpTaGFuZ2Rvbmcv5rOw5a6JL-S6uuWPo-WtpuagoQ"}]
