[{"lat":36.77305556,"lon":119.1938889,"city":"Hanting District, Weifang (潍坊寒亭区)","idx":676,"stamp":1486713600,"pol":"pm25","x":"569","aqi":"67","tz":"+0800","utime":"2017-02-10 16:00:00","img":"_c_azCs5IzEtPyc9L13-2t_fp3C79p-snPdm19mnPLgA"},{"lat":36.64111111,"lon":119.1108333,"city":"Xinhui Group, Weifang (潍坊鑫汇集团)","idx":634,"stamp":1486713600,"pol":"pm25","x":"573","aqi":"59","tz":"+0800","utime":"2017-02-10 16:00:00","img":"_c_azCs5IzEtPyc9L13-2t_fp3C79lxNXP9vY_nJ229PZiwA"},{"lat":36.71955556,"lon":119.0481667,"city":"BDA, Weifang (潍坊经济开发区)","idx":685,"stamp":1486713600,"pol":"pm25","x":"567","aqi":"49","tz":"+0800","utime":"2017-02-10 16:00:00","img":"_c_azCs5IzEtPyc9L13-2t_fp3C7957v7n23te7qn4Wn_xKc9uwA"},{"lat":36.77305556,"lon":119.1095667,"city":"Jincheng Middle School, Weifang (潍坊锦程中学)","idx":635,"stamp":1486713600,"pol":"pm25","x":"574","aqi":"47","tz":"+0800","utime":"2017-02-10 16:00:00","img":"_ASAA3_9DTjpTaGFuZ2Rvbmcv5r2N5Z2KL-mUpueoi-S4reWtpg"},{"lat":36.68194444,"lon":119.0999444,"city":"Business School, Weifang (潍坊商校)","idx":686,"stamp":1486713600,"pol":"pm25","x":"568","aqi":"49","tz":"+0800","utime":"2017-02-10 16:00:00","img":"_c_azCs5IzEtPyc9L13-2t_fp3C79p1Pbni1YCAA"},{"lat":36.70194444,"lon":119.14,"city":"City Arbitration Committee, Weifang (潍坊市仲裁委)","idx":689,"stamp":1486713600,"pol":"pm25","x":"572","aqi":"56","tz":"+0800","utime":"2017-02-10 16:00:00","img":"_c_azCs5IzEtPyc9L13-2t_fp3C79pzuanuze9GJx49PlUwA"},{"lat":36.73055556,"lon":119.0919444,"city":"Liújiāyuán, Weifang (潍坊刘家园)","idx":632,"stamp":1486713600,"pol":"pm25","x":"566","aqi":"56","tz":"+0800","utime":"2017-02-10 16:00:00","img":"_c_azCs5IzEtPyc9L13-2t_fp3C79px0znq7b9nT2WgA"},{"lat":36.706774,"lon":119.161756,"city":"Weifang (潍坊)","idx":947,"stamp":1486713600,"pol":"pm25","x":"1510","aqi":"56","tz":"+0800","utime":"2017-02-10 16:00:00","img":"_y02s0HD2swrOSMxLT8nPS9d_trf36dwu_acdM56u2_Z09lodbLLPd_c_29r3dE_D0_6JT3t2YVXzdGrbswULsUutn_Rk11qcGls3vti372nrmqf9O7Ar2NH0ZPemF4sbny6fglXBy4mrn21sfzm77ensRdgVTFn2fEX3kx1rn65dpqmQWKwQnpqZBlQDAA"},{"lat":36.65722222,"lon":119.1613889,"city":"Gongda Company, Weifang (潍坊共达公司)","idx":687,"stamp":1486713600,"pol":"pm25","x":"570","aqi":"55","tz":"+0800","utime":"2017-02-10 16:00:00","img":"_c_azCs5IzEtPyc9L13-2t_fp3C79p60bX-zb97R1zdP-HQA"}]
