[{"lat":37.42694682,"lon":122.1257714,"city":"Huxia technical school, Weihai (威海华夏技校)","idx":494,"stamp":1486713600,"pol":"pm25","x":"594","aqi":"46","tz":"+0800","utime":"2017-02-10 16:00:00","img":"_c_azCs5IzEtPyc9L13-6ovHZ1u36T3v7ni7pf9bV8GzBQgA"},{"lat":37.48458826,"lon":122.0444208,"city":"Zhang village government, Weihai (威海张村政府)","idx":503,"stamp":1486713600,"pol":"pm25","x":"592","aqi":"42","tz":"+0800","utime":"2017-02-10 16:00:00","img":"_ASAA3_9DTjpTaGFuZ2Rvbmcv5aiB5rW3L-W8oOadkeaUv-W6nA"},{"lat":37.51363425,"lon":122.1412574,"city":"Lantian Hotel, Weihai (威海蓝天宾馆)","idx":640,"stamp":1486710000,"pol":"pm25","x":"591","aqi":"38","tz":"+0800","utime":"2017-02-10 15:00:00","img":"_ASAA3_9DTjpTaGFuZ2Rvbmcv5aiB5rW3L-iTneWkqeWuvummhg"},{"lat":37.53392123,"lon":122.0512579,"city":"Gao District Bank, Weihai (威海高区交行)","idx":485,"stamp":1486713600,"pol":"pm25","x":"593","aqi":"35","tz":"+0800","utime":"2017-02-10 16:00:00","img":"_ASAA3_9DTjpTaGFuZ2Rvbmcv5aiB5rW3L-mrmOWMuuS6pOihjA"},{"lat":37.32453537,"lon":122.1558142,"city":"Woodworking Factory, Weihai (威海木工机械厂)","idx":681,"stamp":1486713600,"pol":"pm25","x":"590","aqi":"59","tz":"+0800","utime":"2017-02-10 16:00:00","img":"_ASMA3P9DTjpTaGFuZ2Rvbmcv5aiB5rW3L-acqOW3peacuuaisOWOgg"},{"lat":37.51292649,"lon":122.0620045,"city":"City Environmental Monitoring Station, Weihai (威海市环境监测站)","idx":636,"stamp":1486713600,"pol":"pm25","x":"589","aqi":"52","tz":"+0800","utime":"2017-02-10 16:00:00","img":"_ASYA2f9DTjpTaGFuZ2Rvbmcv5aiB5rW3L-W4gueOr-Wig-ebkea1i-ermQ"},{"lat":37.513068,"lon":122.12042,"city":"Weihai (威海)","idx":948,"stamp":1486713600,"pol":"pm25","x":"1513","aqi":"52","tz":"+0800","utime":"2017-02-10 16:00:00","img":"_y02s0HD2swrOSMxLT8nPS9d_uqLx2dbt-k93ND3vW_90UfPz2ROfbe1-vnqmDjZlz-aseLp96bM5u54t2vC0rwmrmheT5z5dsvLpun0vl7VhVfB0z4Jncyc-m7L_6a45WBW8XD3jac-uJ7uWvFjYg92E3r6nS_qfdTU8W7BQUyGxWCE8NTMjMRMA"}]
