[{"lat":37.52368316,"lon":121.3553673,"city":"Lǔdōng Univertity, Yantai (烟台鲁东大学)","idx":630,"stamp":1486713600,"pol":"pm25","x":"557","aqi":"36","tz":"+0800","utime":"2017-02-10 16:00:00","img":"_ASAA3_9DTjpTaGFuZ2Rvbmcv54Of5Y-wL-mygeS4nOWkp-Wtpg"},{"lat":37.42276743,"lon":121.5068398,"city":"China Agricultural University, Yantai (烟台中国农业大学)","idx":413,"stamp":1486713600,"pol":"pm25","x":"562","aqi":"36","tz":"+0800","utime":"2017-02-10 16:00:00","img":"_ASYA2f9DTjpTaGFuZ2Rvbmcv54Of5Y-wL-S4reWbveWGnOS4muWkp-Wtpg"},{"lat":37.42609554,"lon":121.4031242,"city":"Laishan Shengquan Industrial Park, Yantai (烟台莱山盛泉工业园)","idx":615,"stamp":1486710000,"pol":"pm25","x":"561","aqi":"33","tz":"+0800","utime":"2017-02-10 15:00:00","img":"_ASkA1v9DTjpTaGFuZ2Rvbmcv54Of5Y-wL-iOseWxseebm-azieW3peS4muWbrQ"},{"lat":37.463822,"lon":121.447935,"city":"Yantai (烟台)","idx":962,"stamp":1486713600,"pol":"pm25","x":"1509","aqi":"57","tz":"+0800","utime":"2017-02-10 16:00:00","img":"_y02s0HD2swrOSMxLT8nPS9d_3jz_af8G_Rd7tzzr3P-0r0kHq-zS_S-bu572THu6fenz1TOxqnm5qfHJjjlPlyx_unYZVgXPl_U_3bjxac-u57MnPtvajcuc553zn-7cDFLWt_7J_rlPNzZgd1LfRqhpMGWaConFCpGJeSWJmQA"},{"lat":37.47141415,"lon":121.2550926,"city":"Fushan Monitoring Stations, Yantai (烟台福山区监测站)","idx":551,"stamp":1486713600,"pol":"pm25","x":"558","aqi":"55","tz":"+0800","utime":"2017-02-10 16:00:00","img":"_ASYA2f9DTjpTaGFuZ2Rvbmcv54Of5Y-wL-emj-WxseWMuuebkea1i-ermQ"},{"lat":37.60240665,"lon":121.1421659,"city":"BDA zone B, Yantai (烟台开发区B 区)","idx":527,"stamp":1486710000,"pol":"pm25","x":"564","aqi":"38","tz":"+0800","utime":"2017-02-10 15:00:00","img":"_c_azCs5IzEtPyc9L13_ePP9p_wb9p3sanvZPfNqzy0kBSAAA"},{"lat":37.47743887,"lon":121.4430704,"city":"Laishan EPA, Yantai (烟台莱山区环保局)","idx":413,"stamp":1486713600,"pol":"pm25","x":"560","aqi":"40","tz":"+0800","utime":"2017-02-10 16:00:00","img":"_ASYA2f9DTjpTaGFuZ2Rvbmcv54Of5Y-wL-iOseWxseWMuueOr-S_neWxgA"},{"lat":37.37605485,"lon":121.5817255,"city":"Mouping EPA, Yantai (烟台牟平区环保局)","idx":633,"stamp":1486713600,"pol":"pm25","x":"559","aqi":"35","tz":"+0800","utime":"2017-02-10 16:00:00","img":"_ASYA2f9DTjpTaGFuZ2Rvbmcv54Of5Y-wL-eJn-W5s-WMuueOr-S_neWxgA"},{"lat":37.54311096,"lon":121.371706,"city":"Bearing Factory, Yantai (烟台轴承厂)","idx":489,"stamp":1486713600,"pol":"pm25","x":"555","aqi":"57","tz":"+0800","utime":"2017-02-10 16:00:00","img":"_c_azCs5IzEtPyc9L13_ePP9p_wb9F3u3POvc_7SvCQA"},{"lat":37.5599778,"lon":121.2529217,"city":"BDA EPA, Yantai (烟台开发区环保局)","idx":875,"stamp":1486710000,"pol":"pm25","x":"563","aqi":"50","tz":"+0800","utime":"2017-02-10 15:00:00","img":"_ASYA2f9DTjpTaGFuZ2Rvbmcv54Of5Y-wL-W8gOWPkeWMuueOr-S_neWxgA"},{"lat":37.546224,"lon":121.3185607,"city":"Xijiao Chemical Station, Yantai (烟台西郊化工站)","idx":683,"stamp":1486713600,"pol":"pm25","x":"556","aqi":"49","tz":"+0800","utime":"2017-02-10 16:00:00","img":"_ASMA3P9DTjpTaGFuZ2Rvbmcv54Of5Y-wL-ilv-mDiuWMluW3peermQ"}]
