[{"lat":34.81027778,"lon":117.3147222,"city":"City EPA, Zaozhuang (枣庄市环保局)","idx":672,"stamp":1486713600,"pol":"pm25","x":"544","aqi":"68","tz":"+0800","utime":"2017-02-10 16:00:00","img":"_c_azCs5IzEtPyc9L1382b_HTXS36T3c0Pe9b_2T_3KcbGwA"},{"lat":34.810488,"lon":117.323725,"city":"Zaozhuang (枣庄)","idx":946,"stamp":1486713600,"pol":"pm25","x":"1508","aqi":"65","tz":"+0800","utime":"2017-02-10 16:00:00","img":"_y02s0HD2swrOSMxLT8nPS9d_Nm_x010t-k93ND3ZsfZpz65nU_Y_3TVHB5uaF9NmP53fB1TzvG_9k_1zn25swKrs6eYWiDI8Rj3t3_C0BSjbQsCojRuf7FpL0MaXq2c8m7YBqExTIbFYISoxvyqjFKgEAA"},{"lat":34.85138889,"lon":117.5638889,"city":"Shizhong District Government, Zaozhuang (枣庄市中区政府)","idx":626,"stamp":1486713600,"pol":"pm25","x":"538","aqi":"65","tz":"+0800","utime":"2017-02-10 16:00:00","img":"_ASMA3P9DTjpTaGFuZ2Rvbmcv5p6j5bqEL-W4guS4reWMuuaUv-W6nA"},{"lat":34.77388889,"lon":117.5708333,"city":"Yicheng District government, Zaozhuang (枣庄峄城区政府)","idx":625,"stamp":1486713600,"pol":"pm25","x":"541","aqi":"63","tz":"+0800","utime":"2017-02-10 16:00:00","img":"_ASMA3P9DTjpTaGFuZ2Rvbmcv5p6j5bqEL-WzhOWfjuWMuuaUv-W6nA"},{"lat":34.79111111,"lon":117.2666667,"city":"Xuecheng EPA, Zaozhuang (枣庄薛城区环保局)","idx":484,"stamp":1486713600,"pol":"pm25","x":"540","aqi":"89","tz":"+0800","utime":"2017-02-10 16:00:00","img":"_ASYA2f9DTjpTaGFuZ2Rvbmcv5p6j5bqEL-iWm-WfjuWMuueOr-S_neWxgA"},{"lat":34.8225,"lon":117.3575,"city":"High-tech zone, Zaozhuang (枣庄高新区)","idx":677,"stamp":1486713600,"pol":"pm25","x":"545","aqi":"87","tz":"+0800","utime":"2017-02-10 16:00:00","img":"_c_azCs5IzEtPyc9L1382b_HTXS36L1fPeDZtw9OeXQA"},{"lat":34.82,"lon":117.5897222,"city":"Sewage treatment plant, Zaozhuang (枣庄污水处理厂)","idx":627,"stamp":1486713600,"pol":"pm25","x":"539","aqi":"76","tz":"+0800","utime":"2017-02-10 16:00:00","img":"_ASMA3P9DTjpTaGFuZ2Rvbmcv5p6j5bqEL-axoeawtOWkhOeQhuWOgg"}]
