[{"lat":36.80305556,"lon":118.0244444,"city":"Nán dìng, Zibo (淄博南定)","idx":672,"stamp":1486713600,"pol":"pm25","x":"530","aqi":"61","tz":"+0800","utime":"2017-02-10 16:00:00","img":"_c_azCs5IzEtPyc9L13-2veVp7yz9p73Tn66bBQA"},{"lat":36.80416667,"lon":117.8511111,"city":"Zhoucun sanjin Group, Zibo (淄博周村三金集团)","idx":676,"stamp":1486713600,"pol":"pm25","x":"535","aqi":"57","tz":"+0800","utime":"2017-02-10 16:00:00","img":"_ASYA2f9DTjpTaGFuZ2Rvbmcv5reE5Y2aL-WRqOadkeS4iemHkembhuWbog"},{"lat":36.66555556,"lon":117.9233333,"city":"Fènghuáng shān, Zibo (淄博凤凰山)","idx":670,"stamp":1486713600,"pol":"pm25","x":"526","aqi":"50","tz":"+0800","utime":"2017-02-10 16:00:00","img":"_c_azCs5IzEtPyc9L13-2veVp7yz9p-1LnrZveLpxIwA"},{"lat":36.84333333,"lon":118.0175,"city":"Xīnqū, Zibo (淄博新区)","idx":625,"stamp":1486713600,"pol":"pm25","x":"529","aqi":"50","tz":"+0800","utime":"2017-02-10 16:00:00","img":"_c_azCs5IzEtPyc9L13-2veVp7yz9Z9M2PO3ZBQA"},{"lat":36.825,"lon":117.9205556,"city":"Vocational College, Zibo (淄博职业学院)","idx":671,"stamp":1486713600,"pol":"pm25","x":"536","aqi":"40","tz":"+0800","utime":"2017-02-10 16:00:00","img":"_c_azCs5IzEtPyc9L13-2veVp7yz9F409T3bMerp22cuZiwA"},{"lat":36.63777778,"lon":117.9544444,"city":"Zichuan Meteo. Stations, Zibo (淄博淄川气象站)","idx":865,"stamp":1486710000,"pol":"pm25","x":"525","aqi":"37","tz":"+0800","utime":"2017-02-10 15:00:00","img":"_c_azCs5IzEtPyc9L13-2veVp7ywwtX3usw1TXmxc-Hz1TAA"},{"lat":36.80833333,"lon":118.0422222,"city":"People's Park, Zibo (淄博人民公园)","idx":483,"stamp":1486713600,"pol":"pm25","x":"527","aqi":"85","tz":"+0800","utime":"2017-02-10 16:00:00","img":"_ASAA3_9DTjpTaGFuZ2Rvbmcv5reE5Y2aL-S6uuawkeWFrOWbrQ"},{"lat":36.90472222,"lon":118.0158333,"city":"BDA, Zibo (淄博开发区)","idx":602,"stamp":1486713600,"pol":"pm25","x":"537","aqi":"78","tz":"+0800","utime":"2017-02-10 16:00:00","img":"_c_azCs5IzEtPyc9L13-2veVp7yz9p3sanvZPfNqzCwA"},{"lat":36.81972222,"lon":118.3091667,"city":"Linzi Putian Park, Zibo (淄博临淄莆田园)","idx":670,"stamp":1486713600,"pol":"pm25","x":"533","aqi":"61","tz":"+0800","utime":"2017-02-10 16:00:00","img":"_c_azCs5IzEtPyc9L13-2veVp7yz9Jzu2AFkv-tqeT9nwdPZaAA"},{"lat":36.813094,"lon":118.054868,"city":"Zibo (淄博)","idx":1005,"stamp":1486710000,"pol":"pm25","x":"1507","aqi":"61","tz":"+0800","utime":"2017-02-10 15:00:00","img":"_y02s0HD2swrOSMxLT8nPS9d_tr3lae8sMLV97rMNU15sXPh89UwdbGqeti952r7h6caNWGWf7Nr1bMPEp61rns5ei13BjjkvF_c97Zn2dPvSp31NWNU8m7bhac8u7Lb3Tn-6bhYOqVlAVz3t78HltpdzJ73cNxMoq6mQWKwQlZmUDwA"},{"lat":36.76555556,"lon":118.2491667,"city":"Qilu Petrochemical, Zibo (淄博齐鲁石化)","idx":675,"stamp":1486713600,"pol":"pm25","x":"534","aqi":"42","tz":"+0800","utime":"2017-02-10 16:00:00","img":"_c_azCs5IzEtPyc9L13-2veVp7yz9l3snvNzU-Hz-5qc90wA"},{"lat":36.83805556,"lon":118.0447222,"city":"Dongfeng Chemical factory, Zibo (淄博东风化工厂)","idx":515,"stamp":1486713600,"pol":"pm25","x":"528","aqi":"36","tz":"+0800","utime":"2017-02-10 16:00:00","img":"_ASMA3P9DTjpTaGFuZ2Rvbmcv5reE5Y2aL-S4nOmjjuWMluW3peWOgg"}]
